{"version":3,"timestamp":1585288484385,"video_metadata":{"duration":296,"frame_rate":15,"height":960,"width":1280},"subject_blocks":[{"name":"Motion","enter_frame":0,"exit_frame":32,"location":{"x":178,"y":6,"width":848,"height":873},"type":"","events":[{"frame_num":32,"type":2,"data":"Stationary"}]},{"name":"Increasing","enter_frame":32,"exit_frame":44,"location":{"x":172,"y":1,"width":876,"height":891},"type":"","events":[{"frame_num":44,"type":2,"data":"n/a"}]},{"name":"Decreasing","enter_frame":44,"exit_frame":55,"location":{"x":172,"y":1,"width":820,"height":870},"type":"","events":[{"frame_num":55,"type":2,"data":"n/a"}]},{"name":"Stationary","enter_frame":56,"exit_frame":72,"location":{"x":167,"y":4,"width":810,"height":869},"type":"","events":[{"frame_num":72,"type":2,"data":"n/a"}]},{"name":"Increasing","enter_frame":72,"exit_frame":80,"location":{"x":180,"y":4,"width":759,"height":818},"type":"","events":[{"frame_num":80,"type":2,"data":"n/a"}]},{"name":"Decreasing","enter_frame":80,"exit_frame":91,"location":{"x":188,"y":3,"width":768,"height":832},"type":"","events":[{"frame_num":91,"type":2,"data":"n/a"}]},{"name":"Increasing","enter_frame":91,"exit_frame":99,"location":{"x":169,"y":3,"width":794,"height":892},"type":"","events":[{"frame_num":99,"type":2,"data":"n/a"}]},{"name":"Decreasing","enter_frame":99,"exit_frame":108,"location":{"x":189,"y":5,"width":769,"height":837},"type":"","events":[{"frame_num":108,"type":2,"data":"n/a"}]},{"name":"Increasing","enter_frame":108,"exit_frame":115,"location":{"x":211,"y":15,"width":730,"height":874},"type":"","events":[{"frame_num":115,"type":2,"data":"n/a"}]},{"name":"Decreasing","enter_frame":115,"exit_frame":124,"location":{"x":188,"y":8,"width":776,"height":851},"type":"","events":[{"frame_num":124,"type":2,"data":"n/a"}]},{"name":"Increasing","enter_frame":124,"exit_frame":131,"location":{"x":160,"y":9,"width":817,"height":861},"type":"","events":[{"frame_num":131,"type":2,"data":"n/a"}]},{"name":"Decreasing","enter_frame":131,"exit_frame":139,"location":{"x":184,"y":8,"width":777,"height":888},"type":"","events":[{"frame_num":139,"type":2,"data":"n/a"}]},{"name":"Increasing","enter_frame":139,"exit_frame":146,"location":{"x":175,"y":8,"width":796,"height":890},"type":"","events":[{"frame_num":146,"type":2,"data":"n/a"}]},{"name":"Decreasing","enter_frame":146,"exit_frame":154,"location":{"x":180,"y":8,"width":801,"height":863},"type":"","events":[{"frame_num":154,"type":2,"data":"n/a"}]},{"name":"Increasing","enter_frame":154,"exit_frame":161,"location":{"x":156,"y":9,"width":851,"height":845},"type":"","events":[{"frame_num":161,"type":2,"data":"n/a"}]},{"name":"Decreasing","enter_frame":161,"exit_frame":169,"location":{"x":181,"y":8,"width":826,"height":814},"type":"","events":[{"frame_num":169,"type":2,"data":"n/a"}]},{"name":"Increasing","enter_frame":169,"exit_frame":176,"location":{"x":180,"y":7,"width":787,"height":845},"type":"","events":[{"frame_num":176,"type":2,"data":"n/a"}]},{"name":"Decreasing","enter_frame":176,"exit_frame":184,"location":{"x":185,"y":8,"width":785,"height":818},"type":"","events":[{"frame_num":184,"type":2,"data":"n/a"}]},{"name":"Increasing","enter_frame":184,"exit_frame":191,"location":{"x":172,"y":4,"width":757,"height":845},"type":"","events":[{"frame_num":191,"type":2,"data":"n/a"}]},{"name":"Decreasing","enter_frame":191,"exit_frame":199,"location":{"x":193,"y":7,"width":763,"height":859},"type":"","events":[{"frame_num":199,"type":2,"data":"n/a"}]},{"name":"Increasing","enter_frame":199,"exit_frame":206,"location":{"x":173,"y":4,"width":791,"height":829},"type":"","events":[{"frame_num":206,"type":2,"data":"n/a"}]},{"name":"Decreasing","enter_frame":206,"exit_frame":214,"location":{"x":188,"y":7,"width":776,"height":805},"type":"","events":[{"frame_num":214,"type":2,"data":"n/a"}]},{"name":"Increasing","enter_frame":214,"exit_frame":221,"location":{"x":179,"y":4,"width":783,"height":865},"type":"","events":[{"frame_num":221,"type":2,"data":"n/a"}]},{"name":"Decreasing","enter_frame":221,"exit_frame":229,"location":{"x":185,"y":8,"width":777,"height":804},"type":"","events":[{"frame_num":229,"type":2,"data":"n/a"}]},{"name":"Increasing","enter_frame":229,"exit_frame":236,"location":{"x":175,"y":4,"width":769,"height":825},"type":"","events":[{"frame_num":236,"type":2,"data":"n/a"}]},{"name":"Decreasing","enter_frame":236,"exit_frame":252,"location":{"x":187,"y":4,"width":761,"height":895},"type":"","events":[{"frame_num":252,"type":2,"data":"n/a"}]},{"name":"Stationary","enter_frame":252,"exit_frame":295,"location":{"x":154,"y":11,"width":796,"height":910},"type":"","events":[{"frame_num":295,"type":2,"data":"n/a"}]}]}